epoch,accuracy,loss,val_accuracy,val_loss
0,0.0,0.43255031288440987,0.0,0.33548897722248355
1,0.0016942453,0.3153708713864354,0.005007153,0.3075462040599324
2,0.016641254,0.2230378566704808,0.018240344,0.24913208058719472
3,0.051288567,0.14500604094104844,0.06741774,0.27037371069896377
4,0.09325878,0.10692245170230848,0.102288984,0.32192673223980506
5,0.1396058,0.0668135096779816,0.14306152,0.3775017169412114
6,0.16131097,0.051748829584981566,0.15701002,0.41634605140645103
7,0.1669961,0.04266880303495127,0.16255365,0.42986496881274067
8,0.17948645,0.03547714768333567,0.18258226,0.4547733186940011
9,0.20405301,0.028247464925794087,0.2008226,0.5231090579341793
10,0.23769319,0.020364109292313855,0.2707439,0.6140293725286591
11,0.30384406,0.01615637257733488,0.31688127,0.7182813468351741
12,0.35711867,0.012579294901038035,0.3716023,0.7730108511358371
13,0.40478343,0.009654913348714718,0.4129113,0.794241554719344
14,0.42856875,0.00800459450452139,0.4268598,0.8749598855224674
15,0.45815215,0.006624289552445898,0.48748213,0.9069907121618115
16,0.48846972,0.004474517118252608,0.477289,0.976939069546855
17,0.51529527,0.0027033378649820297,0.5198498,1.0606369400874596
18,0.55528885,0.0017641435560959674,0.5438126,1.0765789880016579
19,0.5712148,0.001955727355442946,0.57492846,1.1371743337215272
20,0.58522993,0.0017721215585818826,0.59281117,1.1418629723786908
21,0.60144764,0.0013658632934377725,0.6130186,1.158287750984754
22,0.608827,0.00073140825377912,0.6038984,1.186894421901378
23,0.61631936,0.0005589877140699642,0.6142704,1.2050174185406624
24,0.6194725,0.00046738360835041646,0.6185622,1.2218906384025392
25,0.6269178,0.0004127540544568593,0.6251788,1.2335730005933028
26,0.63131344,0.0003697778405696565,0.62982833,1.2394022987835718
27,0.6346266,0.00033120503910691725,0.6319742,1.2527719447868897
28,0.6378645,0.00029575561025730896,0.6351931,1.2649415915016518
29,0.6407071,0.00026565261396154015,0.6389485,1.2783322338506484
30,0.64450973,0.0002356589030670352,0.64520746,1.2950480084440594
31,0.64814293,0.00021002214611959912,0.6503934,1.3208272104744117
32,0.6528868,0.0001869364149756855,0.6494993,1.322648263043752
33,0.65435517,0.00016594710166308415,0.65522176,1.3441469055258712
34,0.6571507,0.00014784031659563469,0.65790415,1.359781670128295
35,0.6622522,0.0001321601513670591,0.6630901,1.3807273042436226
36,0.66534895,0.000126088307290941,0.66398424,1.3977769451503654
37,0.6686903,0.00011182172004152895,0.66917026,1.4203751673122524
38,0.6719094,0.00011152985564580067,0.6700644,1.4327404039788016
39,0.67477083,0.00010118518083670564,0.67238915,1.4471977230864916
40,0.6773122,9.630120329899851e-05,0.67882687,1.469313816740997
41,0.68177366,9.107533241470354e-05,0.67918456,1.4875741068177852
42,0.68567044,8.678867253038206e-05,0.6877682,1.51252997559875
43,0.6924474,8.207442148199687e-05,0.68866235,1.5339457858153998
44,0.6941511,8.098147531542653e-05,0.6902718,1.5474693364355825
45,0.69618416,7.712046450423746e-05,0.69563663,1.5698742340258902
46,0.7003445,7.164717577831053e-05,0.7008226,1.6019139279383574
47,0.70606726,6.615318572576558e-05,0.70672387,1.6271162669258312
48,0.7162892,6.10638628726102e-05,0.7083333,1.6525570821624584
49,0.714755,5.67115673099953e-05,0.70690274,1.6513540307019914
50,0.7140961,5.783789790246296e-05,0.7049356,1.6739685584435264
51,0.7152915,4.5881093053567425e-05,0.71298283,1.7090278582191774
52,0.7071591,0.0011228883926424147,0.6559371,1.4957495242229346
53,0.6888425,0.0045246002899809405,0.6623748,1.4980637647307482
54,0.6823761,0.0005195108027855882,0.69563663,1.5510764340730183
55,0.69727606,0.0005573319079411864,0.694206,1.649673367007096
56,0.6990456,5.890935275034854e-05,0.6972461,1.6422884364496484
57,0.70183164,4.588123008627061e-05,0.6977826,1.6400676667690277
58,0.7023117,4.2602416008981234e-05,0.69957083,1.6393837944120808
59,0.70341295,3.8943227579069775e-05,0.7008226,1.6448730936377858
60,0.7049566,3.573731937299645e-05,0.7020744,1.652026943766508
61,0.7069897,3.30657617031726e-05,0.70296854,1.6593794765134737
62,0.70874983,3.048389156387416e-05,0.7054721,1.6674145191524161
63,0.7113477,2.95496790938988e-05,0.7077969,1.6565045935657403
64,0.71360666,2.7790836123423427e-05,0.70976394,1.6674087007925746
65,0.7153292,2.5288332048106813e-05,0.71101576,1.6783859774534282
66,0.7173246,2.2671811030957068e-05,0.71316165,1.689884139744509
67,0.7195083,2.0127774160983202e-05,0.71423465,1.7007351272095939
68,0.7220308,1.7660585574087866e-05,0.71709585,1.7067849271543036
69,0.72406393,1.5425562336743304e-05,0.7185265,1.7145115056518834
70,0.7266994,1.4339807793164674e-05,0.7222818,1.6938349969141473
71,0.7290337,1.5444429099754247e-05,0.72442776,1.7249094063631967
72,0.73179156,1.0745567779580302e-05,0.7255007,1.7367225250972698
73,0.7332505,9.075132108777899e-06,0.7260372,1.7463993193509753
74,0.7349918,7.575937429487173e-06,0.72693133,1.756253428597307
75,0.73645073,6.250122956321472e-06,0.7280043,1.7684850616004846
76,0.7385591,5.619098550198233e-06,0.7292561,1.755480478761534
77,0.73954743,5.1823399026069995e-06,0.73158085,1.784651077995996
78,0.7420794,3.654205185459612e-06,0.7328326,1.8016381798384016
79,0.7441784,2.7928585860796705e-06,0.73444206,1.8133238757372925
80,0.74633384,2.328320090647645e-06,0.7351574,1.8089023677576253
81,0.7475386,2.0384559394482286e-06,0.7358727,1.8260238994344622
82,0.7483293,1.6087128148281808e-06,0.7367668,1.8403658453742833
83,0.74971294,1.2734119579670175e-06,0.7380186,1.847666835324447
84,0.75178367,1.0055496361144797e-06,0.7399857,1.8648534307152416
85,0.75348735,8.38009237281111e-07,0.74105865,1.866082316816109
86,0.7544851,7.640410371171553e-07,0.7419528,1.8802204789521868
87,0.75527567,5.88058322829828e-07,0.7428469,1.888719348308866
88,0.75737464,4.929556279244532e-07,0.74427754,1.892278977729732
89,0.7583065,4.2999397308062956e-07,0.745887,1.906056031904507
90,0.7595301,3.4813527647184405e-07,0.7471388,1.9173022025132895
91,0.7607349,2.869264810418583e-07,0.74767524,1.9262383899975233
92,0.7620715,2.493260315354665e-07,0.7487482,1.9312260658700067
93,0.76321983,2.1591029223706783e-07,0.74892706,1.9453257441264877
94,0.7647164,1.7867597471939299e-07,0.75143063,1.944739458642804
95,0.76600593,1.5887417449169412e-07,0.75214595,1.9566878304205226
96,0.7665236,1.306121431264794e-07,0.75232476,1.9664452272934976
97,0.7678884,1.075592395904761e-07,0.7537554,1.9780938630451972
98,0.7694509,9.541587420191806e-08,0.7539342,1.9795937426867916
99,0.77055216,8.217141815481426e-08,0.75572246,1.9931627353373516
100,0.77192634,7.258924948863035e-08,0.7564378,1.9911309490899671
101,0.77250993,6.153222922194886e-08,0.7560801,2.002152043734497
102,0.77363,5.154366380400643e-08,0.7575107,2.011299452044933
103,0.77517366,4.4860290033830766e-08,0.75894135,2.0133612094518964
104,0.7760867,4.0357029484107217e-08,0.75912017,2.0234924149359754
105,0.77745146,3.443366906653558e-08,0.7600143,2.0248436101516427
106,0.777988,2.9903395984969784e-08,0.76108724,2.0356735308282876
107,0.7795881,2.519130347819176e-08,0.76233906,2.042040602715742
108,0.78065175,2.3272584530569834e-08,0.7632332,2.038795308749563
109,0.7810659,2.1623439068975463e-08,0.7639485,2.0544041373443194
110,0.78239304,1.734201665351752e-08,0.7639485,2.0523034665461775
111,0.7827319,1.5349380882316567e-08,0.7646638,2.0647779609768175
112,0.78375787,1.3949081989682615e-08,0.76555794,2.0624990748489362
113,0.78473675,1.2360369503103363e-08,0.76502144,2.0717381287542023
114,0.78520733,1.0233015184696875e-08,0.76573676,2.0750445233649963
115,0.7861298,9.404943700458208e-09,0.7664521,2.072423163785443
116,0.7862804,8.193166147826257e-09,0.7668097,2.081428936366871
117,0.7874381,7.277588680342114e-09,0.7668097,2.0820711586352583
118,0.7876546,6.4495218420234614e-09,0.7673462,2.086828102625491
119,0.788417,5.857088751894061e-09,0.767525,2.086767716213357
120,0.7884076,5.183861440555187e-09,0.7693133,2.093355600542265
121,0.78944296,4.726070870484043e-09,0.7698498,2.0924806062755668
122,0.7898289,4.126898635705729e-09,0.77020746,2.0997213539647444
123,0.7905348,3.743159109603285e-09,0.7700286,2.0956832717928253
124,0.7906666,3.298830350504453e-09,0.7703863,2.102790131589374
125,0.7910525,2.8141045932590097e-09,0.7703863,2.102402831479715
126,0.7913914,2.692923719849774e-09,0.7705651,2.0997770247029646
127,0.7915231,2.34284464692375e-09,0.77020746,2.0996189373245566
128,0.7919843,2.140875979773427e-09,0.7705651,2.099427889600844
129,0.7922385,1.945639071301265e-09,0.7703863,2.1044655209447183
130,0.7926338,1.7638670867647007e-09,0.7700286,2.0982772125962468
131,0.7925208,1.6090239260131115e-09,0.7703863,2.1013209283863525
132,0.7926056,1.4541808419055965e-09,0.7700286,2.094561752075801
133,0.7930574,1.306069718544733e-09,0.7703863,2.0969753771892434
134,0.7933397,1.2185497269017695e-09,0.7709227,2.0895866719694096
135,0.79285026,1.144494394401165e-09,0.7711016,2.092375954972828
136,0.7937727,9.896512091716254e-10,0.7709227,2.093027468530917
137,0.79358447,9.155957073317569e-10,0.7711016,2.0881864420845786
138,0.79372567,7.944139426843578e-10,0.7707439,2.083519175201015
139,0.7936974,7.203584637173283e-10,0.7711016,2.08076067096174
140,0.7938198,6.597675504952322e-10,0.7709227,2.07522905474057
141,0.7932456,6.799645646397563e-10,0.7712804,2.074074203875955
142,0.79334915,5.789797595630901e-10,0.7711016,2.0705478836026825
143,0.7938292,5.18388862793387e-10,0.77163804,2.0655836603672206
144,0.7935939,5.318535324692903e-10,0.7712804,2.0590191108730216
145,0.79321736,4.712626433238668e-10,0.7718169,2.0592959332619616
146,0.79358447,4.37601022504066e-10,0.7714592,2.0562945660603407
147,0.79352796,4.443333569407398e-10,0.7718169,2.047834390862305
148,0.7938386,3.9720710055365506e-10,0.7709227,2.0456959523356524
149,0.7933868,3.568131697751309e-10,0.7711016,2.0448419277760093
150,0.7933303,3.702778262088643e-10,0.77163804,2.037257673466666
151,0.79397976,3.5008085098829426e-10,0.77020746,2.0343305909198754
152,0.79330206,3.366162114082316e-10,0.7712804,2.0316200737917374
153,0.7936786,3.0295458898331923e-10,0.76895565,2.0272839677564063
154,0.79339623,2.9622226939392685e-10,0.7712804,2.0271554896248256
155,0.7932833,2.827576233934182e-10,0.7698498,2.0182497201431464
156,0.7935468,2.62560648574126e-10,0.76967096,2.016306660461835
157,0.79371625,2.8275763222153147e-10,0.7709227,2.01407866288664
158,0.79397035,2.019697393648087e-10,0.77020746,2.0050306614376443
159,0.7945728,2.423636877995595e-10,0.77217454,2.0057847146824193
160,0.79469514,2.2889904099649507e-10,0.7703863,2.0007814188116098
161,0.79439396,2.0870206738103648e-10,0.7718169,1.9980408292855316
162,0.7952128,2.2216671538793454e-10,0.7709227,1.9871951934477803
163,0.7952505,1.750404437522905e-10,0.77163804,1.9843427996139158
164,0.79463863,1.481111477384944e-10,0.77253217,1.983224590896537
165,0.79538226,1.5484347535344432e-10,0.7707439,1.9736580613345036
166,0.7947987,1.4137882493887902e-10,0.77163804,1.9643241001428964
167,0.79487395,1.4811115094871743e-10,0.7711016,1.9547325851067965
168,0.7947704,1.3464649973159637e-10,0.7714592,1.9504937353052294
169,0.79493046,1.2118184931703107e-10,0.77217454,1.947316234203879
170,0.7952693,1.5484347535344432e-10,0.7719957,1.943820302162815
171,0.7954952,1.2791417596640608e-10,0.77271104,1.9395614786337374
172,0.7952787,1.2791417532686948e-10,0.77163804,1.9287332302766809
173,0.79559875,1.0098487650412826e-10,0.7734263,1.9259554573330757
174,0.79546696,1.0771720090885515e-10,0.77306867,1.9126237944216176
175,0.7952787,1.1444952731997143e-10,0.773784,1.9132859297576381
176,0.7954858,1.0098487650412826e-10,0.7743205,1.9149201780621585
177,0.7944033,8.752022608956295e-11,0.7744993,1.9047752200214136
178,0.7947234,1.2791417653070311e-10,0.77557224,1.9052194673168301
179,0.79524106,1.2791417653070311e-10,0.7770029,1.9113416100008804
180,0.7961258,9.42525512968456e-11,0.77628756,1.9088011442207984
181,0.7956646,1.0098487650412826e-10,0.77575105,1.9043034357318551
182,0.7952693,9.42525512968456e-11,0.7752146,1.9095433318563797
183,0.7953069,9.42525512968456e-11,0.77557224,1.9098422605656247
184,0.79545754,8.75202268921187e-11,0.7753934,1.9167795203658133
185,0.79582465,6.05909260629881e-11,0.7759299,1.9126521752819483
186,0.79524106,1.1444952772124931e-10,0.77646637,1.9120793123869426
187,0.7969165,1.077172017114109e-10,0.7771817,1.9195292731147466
188,0.79622936,1.5484347735983371e-10,0.77682406,1.92964551476322
189,0.797613,7.40555764775534e-11,0.77557224,1.919727175596446
190,0.7969541,1.2118185092214259e-10,0.7771817,1.9240365150852266
191,0.79775417,1.4137882574143478e-10,0.77646637,1.9252361638927153
192,0.7973683,1.2118185172469832e-10,0.7766452,1.929555178136273
193,0.7984978,1.2791417572814736e-10,0.77646637,1.9261850308259159
194,0.7988837,1.6830812697184326e-10,0.7771817,1.934389559624021
195,0.7999285,1.615758021658385e-10,0.7777182,1.935049821762568
196,0.80022967,1.9523742780097386e-10,0.7748569,1.9313558122311028
197,0.8020933,2.2216672461732568e-10,0.78004295,1.9541447402453729
198,0.80291224,2.4909601621706514e-10,0.77968526,1.9512813070173427
199,0.80416405,2.760253142372506e-10,0.7852289,1.9664894082771351
200,0.8054159,2.9622229956500717e-10,0.78755367,1.9794176488858948
201,0.8075055,3.4334852441415885e-10,0.78630185,1.984014400884573
202,0.80902094,3.164192706975589e-10,0.7884478,1.9935531748914412
203,0.8091621,3.972071290443843e-10,0.78665954,1.9895460917234677
204,0.8105363,4.712627219743306e-10,0.7891631,1.9963977664005603
205,0.8128141,6.799644286065562e-10,0.7873748,2.008747219287914
206,0.8135389,4.847273936566233e-10,0.7927396,2.0140930922630007
207,0.8141319,5.453183124966097e-10,0.7979256,2.0317143556769826
208,0.81441426,8.752017127500504e-10,0.79291844,2.0166824493924946
209,0.8152332,4.779950690888774e-10,0.7984621,2.03961159643825
210,0.8160897,9.694542925376252e-10,0.7957797,2.042255621547351
211,0.816325,6.12641578212884e-10,0.79971385,2.072679517478902
212,0.8194123,1.4205196492492898e-09,0.80472106,2.134766596965012
213,0.82158655,2.2755232957042243e-09,0.8082976,2.1600134033437963
214,0.8163062,0.004516661357700856,0.7982833,2.015563277575655
215,0.8029028,0.009879380622079234,0.79023606,2.0368263882628836
216,0.8066113,0.0012150076475260674,0.78290415,2.0210796778166245
217,0.802178,0.0002866806106708247,0.7798641,2.018140363590912
218,0.79757535,6.014142922725892e-07,0.77968526,2.015507890495108
219,0.798093,4.250362182714687e-07,0.78022176,2.016690380135831
220,0.7985166,3.426237516527333e-07,0.7804006,2.01767771582363
221,0.7988837,2.8516708504706413e-07,0.7805794,2.0186840418262544
222,0.79940134,2.41900848464809e-07,0.7805794,2.0195195311640464
223,0.79968375,2.0908473553556243e-07,0.7809371,2.020281006178375
224,0.8000602,1.8240969254325683e-07,0.7814735,2.0210805237932776
225,0.8002391,1.6008018810652793e-07,0.7818312,2.021812237991028
226,0.80057794,1.4083832009896998e-07,0.78218883,2.022522559429443
227,0.80098265,1.251828991940403e-07,0.78236765,2.0231837653614932
228,0.80129325,1.1116905989492401e-07,0.7825465,2.0239171457392975
229,0.8016133,9.960502992241086e-08,0.78272533,2.024580005348496
230,0.8019145,8.94542279090073e-08,0.78272533,2.025212822745798
231,0.8021216,8.053504251243235e-08,0.78272533,2.025850314407134
232,0.80256397,7.242347923957509e-08,0.78272533,2.02660825460062
233,0.8028181,6.549657032086267e-08,0.7832618,2.0271537641279176
234,0.80322284,5.8959992365399496e-08,0.78361946,2.027768821771309
235,0.8035052,5.349372057005884e-08,0.78361946,2.0282869330675304
236,0.8037405,4.868711995971079e-08,0.7837983,2.028779844133895
237,0.80394757,4.4331535735125565e-08,0.78415596,2.029308089818566
238,0.80413586,4.042021718829302e-08,0.7845136,2.029990472475091
239,0.80438054,3.679836455344114e-08,0.7846924,2.030212933653286
240,0.80457824,3.361408404691682e-08,0.7850501,2.030754856021811
241,0.8047853,3.091450027581744e-08,0.7852289,2.0312039776677224
242,0.80511475,2.8262031941550087e-08,0.7852289,2.031672835118205
243,0.8053877,2.5892308091233366e-08,0.7854077,2.032057231827739
244,0.8056136,2.3778397747035206e-08,0.78558654,2.0325952851145566
245,0.80587715,2.179912836405615e-08,0.78612304,2.033018579770503
246,0.8060842,2.008914469302055e-08,0.78612304,2.033517072416938
247,0.8062254,1.8614785635860827e-08,0.78612304,2.0339190917960948
248,0.8065266,1.7201014141754525e-08,0.78630185,2.034468744261902
249,0.8066584,1.588822343801498e-08,0.78648067,2.034933096429437
250,0.8069313,1.471007693572561e-08,0.78683835,2.0352877739001496
251,0.807129,1.3585787856767098e-08,0.787196,2.035820340625782
252,0.8073455,1.267693077544514e-08,0.7873748,2.0362217805064544
253,0.8076373,1.1694017050572515e-08,0.7877325,2.0368166486672705
254,0.80785376,1.08188196771411e-08,0.7879113,2.037310148105665
255,0.8081079,9.93688942524053e-09,0.7880901,2.0380568601462845
256,0.8084091,9.24346293486299e-09,0.7880901,2.0384390190555495
257,0.808635,8.509642567076883e-09,0.788269,2.0390545249848664
258,0.8088609,7.836412584669444e-09,0.7886266,2.0395363693169513
259,0.80902094,7.243970069287663e-09,0.7891631,2.0405506711501165
260,0.8092374,6.772708845283645e-09,0.7891631,2.041058043697489
261,0.80951035,6.17353360405624e-09,0.7893419,2.041811430642917
262,0.80974567,5.715736636411913e-09,0.78969955,2.0426867808347224
263,0.80996215,5.278136576573473e-09,0.78987837,2.0433000992551893
264,0.81005627,4.86746581234755e-09,0.79005724,2.0443669131761135
265,0.810254,4.429865493283602e-09,0.79005724,2.045052618243983
266,0.81049865,4.106714450339674e-09,0.79023606,2.046117079819956
267,0.8108375,3.80376043678883e-09,0.7905937,2.047254597836138
268,0.81090343,3.527735605288864e-09,0.7905937,2.0476685999752755
269,0.81117636,3.1439935544212617e-09,0.79077256,2.0495739621529956
270,0.8112705,2.9554888386594433e-09,0.7911302,2.0505907933823284
271,0.8115529,2.713125436005435e-09,0.791309,2.051500709319703
272,0.8118635,2.4034387888276397e-09,0.7914878,2.0528273068272505
273,0.81198585,2.275524863496887e-09,0.7918455,2.0548271153026256
274,0.81253177,2.039893635332699e-09,0.7918455,2.0562340648557047
275,0.81252235,1.8917826842956037e-09,0.7918455,2.058051221164607
276,0.8129365,1.689813059621028e-09,0.7922031,2.0598107690287377
277,0.8131248,1.5686312773174023e-09,0.7922031,2.061605251594067
278,0.8134824,1.4474495413989912e-09,0.792382,2.0633962497818623
279,0.8138025,1.2656768436286212e-09,0.792382,2.0653298359220376
280,0.81417894,1.1714243557336802e-09,0.79309726,2.0675754452787753
281,0.8143954,1.0704395378161219e-09,0.79309726,2.0705014366912358
282,0.8147437,9.627223734235535e-10,0.79363376,2.073342393755977
283,0.814979,8.886668129971151e-10,0.7938126,2.076519443145893
284,0.81539315,7.876819577607143e-10,0.79417026,2.079889250663409
285,0.8157414,7.270910597871776e-10,0.7943491,2.08190647981933
286,0.8164003,6.328385121018328e-10,0.7947067,2.085887088508309
287,0.8166168,5.92444580119475e-10,0.7950644,2.0904722887894756
288,0.8171815,5.385859844803819e-10,0.79613733,2.094475507224578
289,0.81756747,5.183890188904809e-10,0.79613733,2.0975934642930656
290,0.81810397,4.914597160549609e-10,0.7972103,2.1035619040575404
291,0.8188287,4.443334456231505e-10,0.79738915,2.108189492298554
292,0.81944054,3.8374251675121725e-10,0.7979256,2.1131705270656442
293,0.82015586,3.635455415306472e-10,0.7982833,2.118100654125981
294,0.8207112,3.568132171259203e-10,0.7998927,2.125057111546205
295,0.82141715,3.9047484998405743e-10,0.79971385,2.129234662943004
296,0.8224149,3.702778613582983e-10,0.80096567,2.135269188078304
297,0.8224431,3.770101779004868e-10,0.801681,2.1459412672616893
298,0.8237232,3.770101799068762e-10,0.80150217,2.151364712228463
299,0.8240903,4.645303155458978e-10,0.8045422,2.1630151022561375
300,0.825088,4.3086878918941704e-10,0.80472106,2.1730642328638377
301,0.82625514,4.847273278470517e-10,0.8048999,2.1815955805484317
302,0.82715875,6.597675332402835e-10,0.8018598,2.1815387052463873
303,0.8277706,5.991767307708814e-10,0.8077611,2.2076300117047305
304,0.82895654,4.914597292971308e-10,0.8077611,2.2196524577942784
305,0.82986015,7.607524759552614e-10,0.80722463,2.2277818563286327
306,0.8310367,6.463030750378211e-10,0.81026465,2.23796091930613
307,0.83124375,1.19362825486226e-08,0.7914878,2.1762013150131243
308,0.83199674,0.003114808818859309,0.823319,2.3036597149502565
309,0.8226784,0.011129768792656794,0.77932763,2.3203651086455253
310,0.7998908,0.0015630426462853177,0.7945279,2.191764516124398
311,0.80694073,0.00013884977843232383,0.78969955,2.2217150338217935
312,0.8054159,2.7286690308412428e-05,0.7925608,2.2169470587513476
313,0.8083244,2.1722438534642082e-06,0.792382,2.2194536315525037
314,0.8074302,4.972411536152632e-07,0.7920243,2.2205270143793374
315,0.8073455,3.5766423742884813e-07,0.7920243,2.221789091697578
316,0.8072043,2.9418054695754526e-07,0.7920243,2.2225693098465262
317,0.807242,2.5024903643714466e-07,0.7920243,2.2233780463877664
318,0.8072608,2.154063686949409e-07,0.7918455,2.223976851277085
319,0.8072984,1.89094491758738e-07,0.7918455,2.224659856169009
320,0.807289,1.6695092097225533e-07,0.7918455,2.225264815685575
321,0.8073455,1.4866076076397958e-07,0.7918455,2.225837566438151
322,0.80745846,1.3286584508234554e-07,0.7916667,2.226483739496812
323,0.8074773,1.1916988507483894e-07,0.7918455,2.2270198642184296
324,0.80759025,1.0757301950324915e-07,0.7916667,2.2275559831842333
325,0.80767494,9.681710135793549e-08,0.7920243,2.228099362149259
326,0.8077973,8.755504774844423e-08,0.7918455,2.22851389147693
327,0.80791026,7.914769412142215e-08,0.7920243,2.229233222457984
328,0.808042,7.168925136949079e-08,0.7920243,2.229817824174406
329,0.8081926,6.489709309907289e-08,0.7920243,2.2304115130410174
330,0.80834323,5.877127366271759e-08,0.7920243,2.2309843492354444
331,0.80844676,5.331850202915305e-08,0.7920243,2.2314986252733564
332,0.8086915,4.833692405197226e-08,0.792382,2.2320768958509225
333,0.80887973,4.377940101108476e-08,0.792382,2.232423362685887
334,0.8090774,3.9895040276401145e-08,0.792382,2.2329748787081805
335,0.80933154,3.6333791131660183e-08,0.7925608,2.233487044664923
336,0.8094068,3.3162984207995953e-08,0.7925608,2.233890909621644
337,0.8096327,3.017392620317769e-08,0.7927396,2.2343303508768777
338,0.80981153,2.751473335122876e-08,0.7927396,2.2347687156671108
339,0.8100281,2.502383146604218e-08,0.79309726,2.2351295713958823
340,0.81004685,2.2943591747540006e-08,0.79327613,2.2356198410875296
341,0.8101975,2.0930662586484397e-08,0.79345495,2.2359422016808916
342,0.8104422,1.8978315543981606e-08,0.79345495,2.2363406266265673
343,0.8106116,1.7295257255898592e-08,0.7938126,2.236722342062406
344,0.8107434,1.5767037711149827e-08,0.7939914,2.237119972961655
345,0.8109693,1.4407121368890804e-08,0.7939914,2.2373662326213117
346,0.8111952,1.3067400506966863e-08,0.7939914,2.237685888877754
347,0.81139284,1.1882520900677634e-08,0.7939914,2.2379613109412624
348,0.8116564,1.0818819280916817e-08,0.7939914,2.23791656959722
349,0.8118164,9.876299931338283e-09,0.7939914,2.23858206965381
350,0.81199527,9.001101939036064e-09,0.79417026,2.2389123387346963
351,0.81243765,8.173029219187577e-09,0.7947067,2.239396098473553
352,0.8124188,7.47960218026318e-09,0.7947067,2.239596657998572
353,0.81261647,6.7525135586403785e-09,0.7952432,2.2397896043732444
354,0.81296474,6.160070644062349e-09,0.7952432,2.2401525168459813
355,0.8130683,5.560895257973632e-09,0.795422,2.2403620244863207
356,0.81320006,5.015578084065377e-09,0.795422,2.2407982720325945
357,0.81341654,4.53758372913826e-09,0.795422,2.240997150732212
358,0.8135389,4.174038932329192e-09,0.795422,2.2412212803128453
359,0.8136989,3.8037615065956485e-09,0.7957797,2.241679954042762
360,0.8139248,3.379625514754555e-09,0.79613733,2.2418823120675886
361,0.8139342,3.063206645096614e-09,0.7959585,2.2421132555079564
362,0.81418836,2.780449219131911e-09,0.79613733,2.242732486627644
363,0.8144331,2.5178887896555054e-09,0.79613733,2.243318944018286
364,0.814659,2.275525211304487e-09,0.79613733,2.2439546481478367
365,0.8147531,2.0600909961813083e-09,0.79667383,2.244583848464131
366,0.81512964,1.925444562735801e-09,0.79667383,2.244961741272472
367,0.8152426,1.7032779463882626e-09,0.79667383,2.2456424641762682
368,0.81547785,1.5888284672216362e-09,0.79685265,2.2460981808251064
369,0.815685,1.4137880611894663e-09,0.79703146,2.2472323249593824
370,0.8159579,1.279141619643162e-09,0.79703146,2.2480973094829673
371,0.8162591,1.1310305138758252e-09,0.7972103,2.24929489124998
372,0.81656975,9.829193747271855e-10,0.79738915,2.250512520386937
373,0.81691796,8.886668487108461e-10,0.7977468,2.252078718637704
374,0.8171721,8.011466514129707e-10,0.7977468,2.2535916534872014
375,0.8175298,6.934294626427714e-10,0.7982833,2.255078688072033
376,0.817831,6.463031906058495e-10,0.7982833,2.2568473482080793
377,0.81808513,5.789799425458017e-10,0.7984621,2.258963964399862
378,0.818471,5.453183253375018e-10,0.79953504,2.261481429885897
379,0.8187534,4.779950747067677e-10,0.79971385,2.263631563841529
380,0.81915814,4.1067182640846116e-10,0.80007154,2.26596642103318
381,0.8194876,3.9047485158916894e-10,0.80042917,2.2676143651356515
382,0.81989235,3.3661625314113076e-10,0.80078685,2.27151150534593
383,0.8202782,3.433485799535249e-10,0.8013233,2.2732181408374608
384,0.8206736,2.76025328520235e-10,0.8023963,2.277127981697541
385,0.82132304,2.625606797107812e-10,0.8027539,2.279686782748914
386,0.8216619,2.0870207821553916e-10,0.80346924,2.2841617508507595
387,0.8222925,2.087020794193728e-10,0.80364805,2.2869339325653124
388,0.822669,1.7504045298168167e-10,0.80436337,2.2925965293538417
389,0.82347846,1.8177277778768644e-10,0.80472106,2.2961628696693372
390,0.82406205,1.750404537842374e-10,0.8052575,2.3013690277742214
391,0.8246268,1.6830813018206626e-10,0.8056152,2.3064527171364158
392,0.82527626,1.952374290048075e-10,0.8059728,2.3110884558489393
393,0.8259351,1.6830812897823262e-10,0.80633044,2.31531362344267
394,0.8265187,1.8850510443706145e-10,0.80740345,2.3218415412780042
395,0.8276388,1.885051041988027e-10,0.8077611,2.326637047426895
396,0.8281188,2.01969754613368e-10,0.8086552,2.333687919020141
397,0.8293424,2.0196975381081227e-10,0.8091917,2.340696369501654
398,0.8302084,2.0870207628438937e-10,0.809907,2.3500863047628444
399,0.8314508,2.087020725976489e-10,0.81080115,2.3591264834219805
400,0.83259916,2.6256067505846583e-10,0.81097996,2.3720361289804073
401,0.833531,2.9622229627954457e-10,0.8138412,2.384479212402786
402,0.83493346,3.568131850236902e-10,0.81419885,2.3949376518634256
403,0.8362606,2.8948997909781945e-10,0.8156295,2.4091287830868504
404,0.8375878,3.702777642490522e-10,0.82117313,2.4335096591020347
405,0.8384443,4.914596983987343e-10,0.8190272,2.4353323757904284
406,0.8406845,3.9047484597127865e-10,0.82027894,2.4545889530059095
407,0.84246343,7.607523210620011e-10,0.8197425,2.4596206153155395
408,0.8429717,6.059092100688686e-10,0.82153076,2.480270535777055
409,0.8456731,0.0006314389741331552,0.8363734,2.5759470148147945
410,0.841108,0.003765264114772989,0.81366235,2.367331461845038
411,0.8318932,0.007554656551857259,0.7784335,2.712128679128164
412,0.82706463,0.006666199466080715,0.8093705,2.2740680220428966
413,0.8226125,0.0026166450381461598,0.8027539,2.181232839119281
414,0.82617044,1.1708218775138998e-05,0.80293274,2.199542155465343
415,0.82540804,7.223987464481423e-07,0.8032904,2.1989898983820826
416,0.82572806,2.4758328628078275e-07,0.8032904,2.198530293809242
417,0.8257375,1.9304898188310118e-07,0.8032904,2.1981759849983735
418,0.8257657,1.5921295424132766e-07,0.80346924,2.197892952246727
419,0.825841,1.3466142059695288e-07,0.80346924,2.19770244054912
420,0.82588804,1.1559396728062738e-07,0.80346924,2.19744999207908
421,0.82595396,1.0205840177531623e-07,0.80346924,2.197312157936874
422,0.8259634,8.850219453875113e-08,0.80346924,2.1970704998581194
423,0.8259728,7.854683389393906e-08,0.80346924,2.196837841249331
424,0.82599163,6.976922823064912e-08,0.80346924,2.1966748708627253
425,0.826001,6.204829088657652e-08,0.80346924,2.1964763427560934
426,0.82602924,5.522928169118125e-08,0.80346924,2.1962302370644435
427,0.82603866,4.956793749725304e-08,0.80346924,2.196044446988423
428,0.8260104,4.4317222895286955e-08,0.80346924,2.195995309737875
429,0.8260481,3.988098015356926e-08,0.8032904,2.1958346586882302
430,0.82608575,3.574090414549091e-08,0.8032904,2.1957171009333862
431,0.8260575,3.2038366060487896e-08,0.8032904,2.19561557551694
432,0.8260763,2.8988771155177017e-08,0.8031116,2.1953440049559263
433,0.82609516,2.611420043046564e-08,0.8031116,2.195302562716181
434,0.82602924,2.3603149857468093e-08,0.8031116,2.195028695969367
435,0.8261046,2.1320971832223844e-08,0.8032904,2.1950188942669286
436,0.8260575,1.9375397063169206e-08,0.8032904,2.194735679535651
437,0.82602924,1.7591375839402993e-08,0.8032904,2.194400739228521
438,0.8260763,1.612376791712529e-08,0.8032904,2.1944431577821146
439,0.8260104,1.4683079376087608e-08,0.8032904,2.1942817458139467
440,0.8260481,1.3343372787040894e-08,0.8032904,2.1942334538685406
441,0.8261046,1.2097913585083014e-08,0.8032904,2.193898888872417
442,0.8260669,1.1101542764002328e-08,0.8032904,2.19377501033918
443,0.8260575,1.0253281567948533e-08,0.8032904,2.1937702181129497
444,0.8260481,9.472340031978814e-09,0.8032904,2.1936532855033875
445,0.8260198,8.65773759187158e-09,0.8032904,2.1936276227619516
446,0.8261328,7.991242870019092e-09,0.80364805,2.193688867685621
447,0.8260763,7.365142079271164e-09,0.80364805,2.1936635461999625
448,0.826161,6.833291523882439e-09,0.80364805,2.1936955196151406
449,0.8261987,6.267779670301325e-09,0.80382687,2.1939225512768576
450,0.8262457,5.809984535694338e-09,0.80382687,2.1939674690685558
451,0.8262269,5.352188217317614e-09,0.80382687,2.1940889254276335
452,0.826274,4.961714984483399e-09,0.80364805,2.1942289593777433
453,0.8263775,4.598171082411136e-09,0.80364805,2.1946985394785843
454,0.82639635,4.268288275008137e-09,0.80364805,2.1948190188203247
455,0.8264622,3.94513771204271e-09,0.80364805,2.1952186013879693
456,0.82653755,3.696042341431588e-09,0.80364805,2.195475542622063
457,0.82652813,3.3863561967289336e-09,0.80364805,2.1960851702951056
458,0.8266881,3.1843869442772083e-09,0.80364805,2.1965950704439514
459,0.8266787,2.8948974703882353e-09,0.80364805,2.197115035207998
460,0.8267258,2.6794635063646883e-09,0.80364805,2.197797449617427
461,0.82685757,2.470761772044289e-09,0.80382687,2.198616605971504
462,0.8270081,2.356312461013093e-09,0.80382687,2.1991277262248707
463,0.82698935,2.147610677385675e-09,0.80382687,2.200329335206568
464,0.82715875,1.9793026811802597e-09,0.80382687,2.2009779007010195
465,0.82715875,1.851388733377946e-09,0.80400574,2.201989293801938
466,0.8272623,1.6898130405979487e-09,0.80400574,2.202697325545831
467,0.8274976,1.5686312957761846e-09,0.80418456,2.204283069963107
468,0.82747877,1.4541818651641815e-09,0.80436337,2.2053865398332286
469,0.8276764,1.359929368441127e-09,0.8045422,2.206701328186518
470,0.8279588,1.2454798895127594e-09,0.80472106,2.2081512977636937
471,0.8279023,1.0973688116091556e-09,0.80472106,2.2100239396095276
472,0.82826,1.0771718702464063e-09,0.80472106,2.211834762421289
473,0.8283259,9.963839814024622e-10,0.8048999,2.2136963912217915
474,0.8284765,9.02131487488353e-10,0.8052575,2.215544055715651
475,0.8288906,8.213435962367417e-10,0.8056152,2.2171855064292836
476,0.8288812,7.742173346330445e-10,0.805794,2.220038322356126
477,0.8293895,6.866971197792622e-10,0.8059728,2.222547309912837
478,0.829606,6.328385312001517e-10,0.80633044,2.225625321205082
479,0.82986015,6.126415597541017e-10,0.80633044,2.227321491476804
480,0.8302366,5.251213388811512e-10,0.80633044,2.2299089213041787
481,0.83052844,4.779950736659531e-10,0.80633044,2.2327763500899205
482,0.8308108,4.510657768496013e-10,0.80668813,2.235121529757209
483,0.8311308,4.1067182480334965e-10,0.80704576,2.2392314616830564
484,0.83152616,4.1067182961868413e-10,0.80740345,2.24045428819155
485,0.8319026,3.231516023252876e-10,0.8079399,2.245503642784168
486,0.8325803,2.9622230357778595e-10,0.8084764,2.2497219016111973
487,0.8328533,2.69293005081083e-10,0.8090129,2.253263385958426
488,0.83325803,2.2889905504122075e-10,0.80954933,2.257570680438705
489,0.83386046,2.2216672943266022e-10,0.809907,2.2612524359395065
490,0.83452874,1.8177277818896432e-10,0.81097996,2.266267868902039
491,0.83524406,1.952374290048075e-10,0.8116953,2.270840581266665
492,0.8358465,1.6830812857695475e-10,0.8125894,2.276779749554626
493,0.83618534,1.615758033696721e-10,0.8124106,2.281588495800935
494,0.83673126,1.6830812697184326e-10,0.8125894,2.2885105193556634
495,0.8373901,1.6830812857695475e-10,0.8127682,2.2943601022462476
496,0.8380113,1.4137882758480502e-10,0.8131259,2.3038137393320066
497,0.83860433,1.750404525804038e-10,0.8129471,2.3105572985221388
498,0.83874553,1.885051009885797e-10,0.81491417,2.32448364954138
499,0.8397997,2.3563137422933523e-10,0.81402004,2.328354908417223
